Year,Ending bankroll,Bets placed,Bets won,Amount wagered,Average wager,Net units won,Mean expected value,Min expected value,Median expected value,Max expected value
2020,8274.983050847459,246.0,21.0,14559.0,59.18292682926829,-1725.016949152542,3.5359677459140553,0.0026351180000001,1.3312525579999999,33.57607468
2021,14341.164977631504,429.0,86.0,44834.0,104.5081585081585,6066.181926784047,1.9441034311312773,0.001598406125,0.6718269499999998,35.93088118720001
2022,11788.001846318375,376.0,45.0,37830.0,100.61170212765957,-2553.163131313131,1.3611907539669623,0.0027894305,0.7313799226925001,11.9655070952
