Year,Ending bankroll,Bets placed,Bets won,Amount wagered,Average wager,Net units won,Mean expected value,Min expected value,Median expected value,Max expected value
2020,9843.785875706217,246.0,21.0,3175.0,12.90650406504065,-156.2141242937853,3.5359677459140553,0.0026351180000001,1.3312525579999999,33.57607468
2021,11238.771005264183,429.0,86.0,8953.0,20.86946386946387,1394.9851295579665,1.9441034311312773,0.001598406125,0.6718269499999998,35.93088118720001
2022,10887.129086072262,376.0,45.0,5692.0,15.138297872340425,-351.64191919191916,1.3611907539669623,0.0027894305,0.7313799226925001,11.9655070952
