Year,Ending bankroll,Bets placed,Bets won,Average wager,Net units won,Mean expected value,Min expected value,Median expected value,Max expected value
2020,10001.180790960452,246.0,21.0,1.0,1.180790960451982,3.5359677459140553,0.0026351180000001,1.3312525579999999,33.57607468
2021,9903.17853142242,429.0,86.0,1.0,-98.00225953803344,1.9441034311312773,0.001598406125,0.6718269499999998,35.93088118720001
2022,9766.004036472928,376.0,45.0,1.0,-137.17449494949494,1.3611907539669623,0.0027894305,0.7313799226925001,11.9655070952
