Year,Ending bankroll,Bets placed,Bets won,Amount wagered,Average wager,Net units won,Mean expected value,Min expected value,Median expected value,Max expected value
2020,7957.0,482.0,18.0,6148.0,12.755186721991702,-2043.0,36.08947836470148,2.000000165480742e-11,4.28571428582,285.00000000572004
2021,5555.1,1013.0,52.0,9931.0,9.8035538005923,-2401.9,15.51669252136639,2.000000165480742e-11,5.190476190600001,213.42857143286
2022,2802.3999999999974,1064.0,61.0,6830.0,6.419172932330827,-2752.7,13.244777121659762,2.000000165480742e-11,6.19047619062,427.61904762762
