Year,Ending bankroll,Bets placed,Bets won,Amount wagered,Average wager,Net units won,Mean expected value,Min expected value,Median expected value,Max expected value
2020,2747.5,482.0,18.0,21301.0,44.19294605809129,-7252.5,36.08947836470148,2.000000165480742e-11,4.28571428582,285.00000000572004
2021,237.24999999999983,1013.0,52.0,7723.0,7.623889437314906,-2510.25,15.51669252136639,2.000000165480742e-11,5.190476190600001,213.42857143286
2022,28.299999999999883,1064.0,61.0,649.0,0.6099624060150376,-208.95000000000002,13.244777121659762,2.000000165480742e-11,6.19047619062,427.61904762762
