Year,Ending bankroll,Bets placed,Bets won,Average wager,Net units won,Mean expected value,Min expected value,Median expected value,Max expected value
2020,9999.0,482.0,18.0,1.0,-1.0,36.08947836470148,2.000000165480742e-11,4.28571428582,285.00000000572004
2021,9967.100000000004,1013.0,52.0,1.0,-31.90000000000001,15.51669252136639,2.000000165480742e-11,5.190476190600001,213.42857143286
2022,9292.500000000004,1064.0,61.0,1.0,-674.6,13.244777121659762,2.000000165480742e-11,6.19047619062,427.61904762762
