Year,Ending bankroll,Bets placed,Bets won,Amount wagered,Average wager,Net units won,Mean expected value,Min expected value,Median expected value,Max expected value
2020,7727.0,551.0,21.0,6881.0,12.488203266787659,-2273.0,36.485131169905806,0.0307861449999999,4.91848271,279.37637012600004
2021,6657.299999999999,761.0,39.0,8320.0,10.932982917214192,-1069.7,14.81185943597398,0.0017451007999997,5.214112987,186.91204627
2022,3255.349999999999,849.0,45.0,6516.0,7.6749116607773855,-3401.95,13.396954262141579,0.0145592424,6.143229254,424.94145157
