Year,Ending bankroll,Bets placed,Bets won,Amount wagered,Average wager,Net units won,Mean expected value,Min expected value,Median expected value,Max expected value
2020,2220.0,551.0,21.0,20425.0,37.06896551724138,-7780.0,36.485131169905806,0.0307861449999999,4.91848271,279.37637012600004
2021,680.2999999999993,761.0,39.0,10218.0,13.42706964520368,-1539.6999999999998,14.81185943597398,0.0017451007999997,5.214112987,186.91204627
2022,30.599999999999227,849.0,45.0,1484.0,1.7479387514723204,-649.7,13.396954262141579,0.0145592424,6.143229254,424.94145157
