Year,Ending bankroll,Bets placed,Bets won,Average wager,Net units won,Mean expected value,Min expected value,Median expected value,Max expected value
2020,9956.0,551.0,21.0,1.0,-44.0,36.485131169905806,0.0307861449999999,4.91848271,279.37637012600004
2021,9892.550000000005,761.0,39.0,1.0,-63.45,14.81185943597398,0.0017451007999997,5.214112987,186.91204627
2022,9302.000000000004,849.0,45.0,1.0,-590.55,13.396954262141579,0.0145592424,6.143229254,424.94145157
