Year,Ending bankroll,Bets placed,Bets won,Amount wagered,Average wager,Net units won,Mean expected value,Min expected value,Median expected value,Max expected value
2020,9664.222903991324,383.0,29.0,2462.0,6.4281984334203655,-335.77709600867496,1.7110184898112937,0.0006321310000001,0.9571598135,33.322248104
2021,9126.192745261167,417.0,22.0,2762.0,6.623501199040767,-538.0301587301587,1.9855537548899744,0.000925424,0.8659629750000002,42.56346995
2022,8525.576084144504,561.0,49.0,4330.0,7.718360071301248,-600.6166611166611,2.0391763290436224,0.0042401713999999,0.8260230460999998,34.431986450000004
