Year,Ending bankroll,Bets placed,Bets won,Amount wagered,Average wager,Net units won,Mean expected value,Min expected value,Median expected value,Max expected value
2020,7830.000133976715,483.0,75.0,41979.0,86.91304347826087,-2169.9998660232804,3.1912831233663197,0.0011017660000001,1.43019586535,66.53630447600001
2021,6558.931580621846,729.0,98.0,45774.0,62.79012345679013,-1271.06855335487,2.82859806291539,0.0018105487499997,1.2341999355,78.639528906
2022,5666.480952964555,499.0,59.0,21330.0,42.745490981963925,-892.4506276572915,2.573951745317113,0.0006750992499999,1.5543819488,30.923481161
