Year,Ending bankroll,Bets placed,Bets won,Amount wagered,Average wager,Net units won,Mean expected value,Min expected value,Median expected value,Max expected value
2020,10307.441732410154,317.0,36.0,2895.0,9.132492113564668,307.44173241015346,1.5787059677567707,0.0006928544848483,0.8667291669999999,22.096533578
2021,10508.425065743488,280.0,18.0,1501.0,5.360714285714286,200.98333333333335,1.473101670461381,0.0090250609999997,0.6063133569799999,28.9077252474
2022,10895.820854676778,383.0,69.0,6424.0,16.772845953002612,387.39578893328894,1.397006862698184,0.0008947732727271,0.543786377,43.0086406057
