Year,Ending bankroll,Bets placed,Bets won,Amount wagered,Average wager,Net units won,Mean expected value,Min expected value,Median expected value,Max expected value
2020,8472.518593429118,383.0,29.0,11688.0,30.51697127937337,-1527.4814065708804,1.7110184898112937,0.0006321310000001,0.9571598135,33.322248104
2021,6113.31700612753,417.0,22.0,11145.0,26.72661870503597,-2359.201587301587,1.9855537548899744,0.000925424,0.8659629750000002,42.56346995
2022,4241.801138661663,561.0,49.0,12242.0,21.82174688057041,-1871.5158674658676,2.0391763290436224,0.0042401713999999,0.8260230460999998,34.431986450000004
