Year,Ending bankroll,Bets placed,Bets won,Amount wagered,Average wager,Net units won,Mean expected value,Min expected value,Median expected value,Max expected value
2020,9862.595281167443,483.0,75.0,8898.0,18.422360248447205,-137.40471883256015,3.1912831233663197,0.0011017660000001,1.43019586535,66.53630447600001
2021,9841.193966216331,729.0,98.0,11597.0,15.90809327846365,-21.401314951109,2.82859806291539,0.0018105487499997,1.2341999355,78.639528906
2022,9695.30423183606,499.0,59.0,6442.0,12.909819639278558,-145.88973438026915,2.573951745317113,0.0006750992499999,1.5543819488,30.923481161
