Year,Ending bankroll,Bets placed,Bets won,Amount wagered,Average wager,Net units won,Mean expected value,Min expected value,Median expected value,Max expected value
2020,8148.474399963876,372.0,24.0,9836.0,26.440860215053764,-1851.5256000361264,1.7859877353719418,0.0007392996800001,1.0275471010000001,33.322248104
2021,5875.122812662289,417.0,22.0,10733.0,25.73860911270983,-2273.351587301587,1.9855537548899744,0.000925424,0.8659629750000002,42.56346995
2022,4092.97367291315,561.0,49.0,11795.0,21.02495543672014,-1782.1491397491397,2.0391763290436224,0.0042401713999999,0.8260230460999998,34.431986450000004
