Year,Ending bankroll,Bets placed,Bets won,Amount wagered,Average wager,Net units won,Mean expected value,Min expected value,Median expected value,Max expected value
2020,9615.648382216805,372.0,24.0,2151.0,5.782258064516129,-384.35161778319673,1.7859877353719418,0.0007392996800001,1.0275471010000001,33.322248104
2021,9085.511080629503,417.0,22.0,2750.0,6.594724220623501,-530.1373015873016,1.9855537548899744,0.000925424,0.8659629750000002,42.56346995
2022,8493.589635408058,561.0,49.0,4302.0,7.668449197860962,-591.9214452214452,2.0391763290436224,0.0042401713999999,0.8260230460999998,34.431986450000004
