Year,Ending bankroll,Bets placed,Bets won,Amount wagered,Average wager,Net units won,Mean expected value,Min expected value,Median expected value,Max expected value
2020,11518.079981427349,317.0,36.0,16536.0,52.16403785488959,1518.0799814273498,1.5787059677567707,0.0006928544848483,0.8667291669999999,22.096533578
2021,12398.96158315895,280.0,18.0,8541.0,30.50357142857143,880.8816017316019,1.473101670461381,0.0090250609999997,0.6063133569799999,28.9077252474
2022,14560.718548415913,383.0,69.0,42439.0,110.80678851174935,2161.7569652569655,1.397006862698184,0.0008947732727271,0.543786377,43.0086406057
