Year,Ending bankroll,Bets placed,Bets won,Average wager,Net units won,Mean expected value,Min expected value,Median expected value,Max expected value
2020,9878.198654161812,383.0,29.0,1.0,-121.80134583818794,1.7110184898112937,0.0006321310000001,0.9571598135,33.322248104
2021,9987.766908130065,417.0,22.0,1.0,109.56825396825397,1.9855537548899744,0.000925424,0.8659629750000002,42.56346995
2022,9614.900840863997,561.0,49.0,1.0,-372.86606726606726,2.0391763290436224,0.0042401713999999,0.8260230460999998,34.431986450000004
