Year,Ending bankroll,Bets placed,Bets won,Average wager,Net units won,Mean expected value,Min expected value,Median expected value,Max expected value
2020,9883.397015060173,372.0,24.0,1.0,-116.60298493982705,1.7859877353719418,0.0007392996800001,1.0275471010000001,33.322248104
2021,9992.965269028426,417.0,22.0,1.0,109.56825396825397,1.9855537548899744,0.000925424,0.8659629750000002,42.56346995
2022,9620.099201762356,561.0,49.0,1.0,-372.86606726606726,2.0391763290436224,0.0042401713999999,0.8260230460999998,34.431986450000004
