Year,Ending bankroll,Bets placed,Bets won,Average wager,Net units won,Mean expected value,Min expected value,Median expected value,Max expected value
2020,10179.099700862858,317.0,36.0,1.0,179.09970086285875,1.5787059677567707,0.0006928544848483,0.8667291669999999,22.096533578
2021,10121.121778784936,280.0,18.0,1.0,-57.97792207792208,1.473101670461381,0.0090250609999997,0.6063133569799999,28.9077252474
2022,9975.478648304295,383.0,69.0,1.0,-145.64313048063048,1.397006862698184,0.0008947732727271,0.543786377,43.0086406057
