Year,Ending bankroll,Bets placed,Bets won,Average wager,Net units won,Mean expected value,Min expected value,Median expected value,Max expected value
2020,10102.508541843948,483.0,75.0,1.0,102.50854184394683,3.1912831233663197,0.0011017660000001,1.43019586535,66.53630447600001
2021,10175.718388680032,729.0,98.0,1.0,73.20984683608553,2.82859806291539,0.0018105487499997,1.2341999355,78.639528906
2022,9915.094730417117,499.0,59.0,1.0,-260.6236582629197,2.573951745317113,0.0006750992499999,1.5543819488,30.923481161
