Year,Ending bankroll,Bets placed,Bets won,Amount wagered,Average wager,Net units won,Mean expected value,Min expected value,Median expected value,Max expected value
2020,9564.642896783578,354.0,34.0,4482.0,12.661016949152541,-435.35710321642523,2.846913066455956,0.0032961249999998,0.8331584236070001,38.09649268
2021,11352.236016839965,510.0,92.0,10629.0,20.841176470588234,1787.5931200563891,1.8402688354217847,0.0014001799999998,0.655946527956,50.090769569
2022,11449.781651760595,421.0,55.0,6439.0,15.294536817102138,97.54563492063505,1.0678391867181305,0.0006819456,0.5517666481999999,12.755378351
