Year,Ending bankroll,Bets placed,Bets won,Amount wagered,Average wager,Net units won,Mean expected value,Min expected value,Median expected value,Max expected value
2020,7101.102888967291,354.0,34.0,19875.0,56.144067796610166,-2898.897111032704,2.846913066455956,0.0032961249999998,0.8331584236070001,38.09649268
2021,14617.76949331923,510.0,92.0,60210.0,118.05882352941177,7516.666604351944,1.8402688354217847,0.0014001799999998,0.655946527956,50.090769569
2022,14487.556398081138,421.0,55.0,45316.0,107.63895486935867,-130.21309523809498,1.0678391867181305,0.0006819456,0.5517666481999999,12.755378351
