Year,Ending bankroll,Bets placed,Bets won,Average wager,Net units won,Mean expected value,Min expected value,Median expected value,Max expected value
2020,9878.779467809129,354.0,34.0,1.0,-121.22053219087117,2.846913066455956,0.0032961249999998,0.8331584236070001,38.09649268
2021,9818.028412457736,510.0,92.0,1.0,-60.7510553513956,1.8402688354217847,0.0014001799999998,0.655946527956,50.090769569
2022,9630.56769817202,421.0,55.0,1.0,-187.4607142857143,1.0678391867181305,0.0006819456,0.5517666481999999,12.755378351
