Year,Ending bankroll,Bets placed,Bets won,Amount wagered,Average wager,Net units won,Mean expected value,Min expected value,Median expected value,Max expected value
2020,6539.77616012362,356.0,40.0,26102.0,73.32022471910112,-3460.223839876382,3.148429007056537,0.0013352338571426,0.9532718391,40.3206108191
2021,5946.791572203621,360.0,46.0,15352.0,42.644444444444446,-592.9845879200013,2.1218610117702745,0.0009605173333331,0.65229087271,61.87368695599999
2022,5834.185297922349,355.0,59.0,16027.0,45.14647887323944,-112.60627428127424,1.2947817727204372,0.0013802077,0.4510043075000001,54.402307128
