Year,Ending bankroll,Bets placed,Bets won,Amount wagered,Average wager,Net units won,Mean expected value,Min expected value,Median expected value,Max expected value
2020,9503.587280327962,356.0,40.0,5132.0,14.415730337078651,-496.4127196720417,3.148429007056537,0.0013352338571426,0.9532718391,40.3206108191
2021,9421.0116820183,360.0,46.0,4323.0,12.008333333333333,-82.57559830966079,2.1218610117702745,0.0009605173333331,0.65229087271,61.87368695599999
2022,9453.177474559088,355.0,59.0,4795.0,13.507042253521126,32.16579254079247,1.2947817727204372,0.0013802077,0.4510043075000001,54.402307128
