Year,Ending bankroll,Bets placed,Bets won,Average wager,Net units won,Mean expected value,Min expected value,Median expected value,Max expected value
2020,9874.747194926857,356.0,40.0,1.0,-125.25280507314406,3.148429007056537,0.0013352338571426,0.9532718391,40.3206108191
2021,9743.431242907938,360.0,46.0,1.0,-131.31595201891608,2.1218610117702745,0.0009605173333331,0.65229087271,61.87368695599999
2022,9629.267528844224,355.0,59.0,1.0,-114.16371406371407,1.2947817727204372,0.0013802077,0.4510043075000001,54.402307128
