Year,Ending bankroll,Bets placed,Bets won,Amount wagered,Average wager,Net units won,Mean expected value,Min expected value,Median expected value,Max expected value
2020,9490.267925115748,618.0,63.0,8541.0,13.820388349514563,-509.7320748842518,10.51303923931524,0.001966329,2.7153789805,149.63366117799998
2021,8059.531441229261,756.0,54.0,9553.0,12.636243386243386,-1430.736483886484,5.399205874801539,0.00221446,2.858627732,46.981522589
2022,4208.471437344256,875.0,88.0,9497.0,10.853714285714286,-3851.060003885004,6.8368540375222455,0.0011899778571426,3.473533145,283.82031718599995
