Year,Ending bankroll,Bets placed,Bets won,Amount wagered,Average wager,Net units won,Mean expected value,Min expected value,Median expected value,Max expected value
2020,6665.662599323043,618.0,63.0,36275.0,58.69741100323625,-3334.337400676957,10.51303923931524,0.001966329,2.7153789805,149.63366117799998
2021,2457.242565653009,756.0,54.0,32734.0,43.2989417989418,-4208.420033670033,5.399205874801539,0.00221446,2.858627732,46.981522589
2022,98.21201564745964,875.0,88.0,6816.0,7.789714285714286,-2359.03055000555,6.8368540375222455,0.0011899778571426,3.473533145,283.82031718599995
