Year,Ending bankroll,Bets placed,Bets won,Average wager,Net units won,Mean expected value,Min expected value,Median expected value,Max expected value
2020,9970.102852636124,618.0,63.0,1.0,-29.897147363874,10.51303923931524,0.001966329,2.7153789805,149.63366117799998
2021,9918.759490442762,756.0,54.0,1.0,-51.3433621933622,5.399205874801539,0.00221446,2.858627732,46.981522589
2022,9331.930078188348,875.0,88.0,1.0,-586.8294122544122,6.8368540375222455,0.0011899778571426,3.473533145,283.82031718599995
