Year,Ending bankroll,Bets placed,Bets won,Amount wagered,Average wager,Net units won,Mean expected value,Min expected value,Median expected value,Max expected value
2020,8424.735746881863,440.0,39.0,5678.0,12.904545454545454,-1575.2642531181398,3.715448416524739,0.0044634816474999,1.163206869,71.58756594116001
2021,7702.975264102014,413.0,47.0,4781.0,11.576271186440678,-721.7604827798474,2.546667572644842,0.0001734179500001,0.8828209747112001,60.92650960949999
2022,7296.298454654152,542.0,74.0,5951.0,10.97970479704797,-406.67680944786207,1.3799339450987091,0.0014150103383332,0.7124916430999998,16.25139962
