Year,Ending bankroll,Bets placed,Bets won,Amount wagered,Average wager,Net units won,Mean expected value,Min expected value,Median expected value,Max expected value
2020,3892.246445909656,440.0,39.0,20656.0,46.945454545454545,-6107.7535540903455,3.715448416524739,0.0044634816474999,1.163206869,71.58756594116001
2021,2344.181649280549,413.0,47.0,8906.0,21.564164648910413,-1548.0647966291071,2.546667572644842,0.0001734179500001,0.8828209747112001,60.92650960949999
2022,1626.9504614625198,542.0,74.0,8442.0,15.575645756457565,-717.23118781803,1.3799339450987091,0.0014150103383332,0.7124916430999998,16.25139962
