Year,Ending bankroll,Bets placed,Bets won,Average wager,Net units won,Mean expected value,Min expected value,Median expected value,Max expected value
2020,9849.926097888516,440.0,39.0,1.0,-150.07390211148248,3.715448416524739,0.0044634816474999,1.163206869,71.58756594116001
2021,9788.085331973818,413.0,47.0,1.0,-61.84076591469771,2.546667572644842,0.0001734179500001,0.8828209747112001,60.92650960949999
2022,9573.040507792151,542.0,74.0,1.0,-215.04482418166629,1.3799339450987091,0.0014150103383332,0.7124916430999998,16.25139962
