Year,Ending bankroll,Bets placed,Bets won,Amount wagered,Average wager,Net units won,Mean expected value,Min expected value,Median expected value,Max expected value
2020,8253.57028674987,498.0,51.0,28969.0,58.170682730923694,-1746.4297132501306,3.395583848674477,0.0008220278374999,1.2165797457499998,40.0165152086
2021,9298.212811944788,424.0,47.0,21373.0,50.408018867924525,1044.6425251949208,2.090742713589723,0.00144947,0.7557430725000001,73.980358941
2022,8506.156463796637,511.0,93.0,41431.0,81.07827788649706,-792.0563481481554,1.3124045859231745,0.0015607749999999,0.5413515500000001,24.242863384
