Year,Ending bankroll,Bets placed,Bets won,Amount wagered,Average wager,Net units won,Mean expected value,Min expected value,Median expected value,Max expected value
2020,9889.399187778925,498.0,51.0,5725.0,11.495983935742972,-110.60081222107503,3.395583848674477,0.0008220278374999,1.2165797457499998,40.0165152086
2021,10282.367200238848,424.0,47.0,4645.0,10.955188679245284,392.9680124599287,2.090742713589723,0.00144947,0.7557430725000001,73.980358941
2022,10219.405097179524,511.0,93.0,9217.0,18.037181996086105,-62.96210305932246,1.3124045859231745,0.0015607749999999,0.5413515500000001,24.242863384
