Year,Ending bankroll,Bets placed,Bets won,Average wager,Net units won,Mean expected value,Min expected value,Median expected value,Max expected value
2020,9816.549145999985,498.0,51.0,1.0,-183.45085400001622,3.395583848674477,0.0008220278374999,1.2165797457499998,40.0165152086
2021,9756.99126248851,424.0,47.0,1.0,-59.55788351147633,2.090742713589723,0.00144947,0.7557430725000001,73.980358941
2022,9536.254064434252,511.0,93.0,1.0,-220.73719805425367,1.3124045859231745,0.0015607749999999,0.5413515500000001,24.242863384
