Year,Ending bankroll,Bets placed,Bets won,Amount wagered,Average wager,Net units won,Mean expected value,Min expected value,Median expected value,Max expected value
2020,8827.498457192527,326.0,22.0,3494.0,10.717791411042946,-1172.501542807475,4.084472661463352,6.340785399983062e-05,1.3440702413849999,49.14348766
2021,8697.580377298053,438.0,54.0,5031.0,11.486301369863014,-129.91807989447096,2.427334748633689,0.0003969352799999,0.81347966,75.220298154
2022,8036.742220806689,467.0,63.0,6097.0,13.055674518201284,-660.8381564913601,1.7368155094723223,0.0008994257777776,0.678811115,52.840426605
