Year,Ending bankroll,Bets placed,Bets won,Amount wagered,Average wager,Net units won,Mean expected value,Min expected value,Median expected value,Max expected value
2020,5075.857496740548,326.0,22.0,13358.0,40.97546012269939,-4924.1425032594525,4.084472661463352,6.340785399983062e-05,1.3440702413849999,49.14348766
2021,4312.60165810213,438.0,54.0,13418.0,30.634703196347033,-763.2558386384197,2.427334748633689,0.0003969352799999,0.81347966,75.220298154
2022,2735.7833175372803,467.0,63.0,13829.0,29.612419700214133,-1576.8183405648508,1.7368155094723223,0.0008994257777776,0.678811115,52.840426605
