Year,Ending bankroll,Bets placed,Bets won,Average wager,Net units won,Mean expected value,Min expected value,Median expected value,Max expected value
2020,9869.551303780963,326.0,22.0,1.0,-130.4486962190352,4.084472661463352,6.340785399983062e-05,1.3440702413849999,49.14348766
2021,9700.959497678385,438.0,54.0,1.0,-168.59180610258,2.427334748633689,0.0003969352799999,0.81347966,75.220298154
2022,9520.685386841344,467.0,63.0,1.0,-180.2741108370399,1.7368155094723223,0.0008994257777776,0.678811115,52.840426605
