Year,Ending bankroll,Bets placed,Bets won,Amount wagered,Average wager,Net units won,Mean expected value,Min expected value,Median expected value,Max expected value
2020,9143.742001219123,536.0,41.0,5953.0,11.10634328358209,-856.25799878088,4.502562513432311,0.00234365,2.040844529814645,74.10708656551101
2021,8802.86189029973,593.0,54.0,6160.0,10.387858347386173,-340.8801109193946,2.4401442925257872,0.0021411485000002,1.3943046399999997,28.78642107781
2022,6884.432092319931,824.0,68.0,8474.0,10.283980582524272,-1918.429797979798,2.5775789244012914,0.001579290612,1.4606075162749999,32.97017519999999
