Year,Ending bankroll,Bets placed,Bets won,Amount wagered,Average wager,Net units won,Mean expected value,Min expected value,Median expected value,Max expected value
2020,5637.004342832308,536.0,41.0,24786.0,46.242537313432834,-4362.99565716769,4.502562513432311,0.00234365,2.040844529814645,74.10708656551101
2021,4459.035971480476,593.0,54.0,19469.0,32.83136593591905,-1177.968371351832,2.4401442925257872,0.0021411485000002,1.3943046399999997,28.78642107781
2022,1137.8435472380522,824.0,68.0,15296.0,18.563106796116504,-3321.1924242424243,2.5775789244012914,0.001579290612,1.4606075162749999,32.97017519999999
