Year,Ending bankroll,Bets placed,Bets won,Average wager,Net units won,Mean expected value,Min expected value,Median expected value,Max expected value
2020,9835.02413095379,536.0,41.0,1.0,-164.97586904620803,4.502562513432311,0.00234365,2.040844529814645,74.10708656551101
2021,9951.38524511553,593.0,54.0,1.0,116.36111416174293,2.4401442925257872,0.0021411485000002,1.3943046399999997,28.78642107781
2022,9469.53322491351,824.0,68.0,1.0,-481.8520202020202,2.5775789244012914,0.001579290612,1.4606075162749999,32.97017519999999
