Year,Ending bankroll,Bets placed,Bets won,Amount wagered,Average wager,Net units won,Mean expected value,Min expected value,Median expected value,Max expected value
2020,9375.220926226426,395.0,57.0,6170.0,15.620253164556962,-624.7790737735729,3.065614278730093,0.0003855471199998,0.9074622970339998,42.8668656716
2021,8484.677263117934,429.0,54.0,5446.0,12.694638694638694,-890.543663108492,3.371970429912106,0.0003006253799997,0.7514667591799999,158.401442754
2022,8584.65005718546,446.0,94.0,7282.0,16.327354260089685,99.97279406753088,1.4490411733266395,0.0007398162142859,0.5767292720000001,19.976701777
