Year,Ending bankroll,Bets placed,Bets won,Amount wagered,Average wager,Net units won,Mean expected value,Min expected value,Median expected value,Max expected value
2020,6548.989911630884,395.0,57.0,24980.0,63.24050632911393,-3451.0100883691166,3.065614278730093,0.0003855471199998,0.9074622970339998,42.8668656716
2021,3795.5337233864257,429.0,54.0,16419.0,38.27272727272727,-2753.4561882444596,3.371970429912106,0.0003006253799997,0.7514667591799999,158.401442754
2022,3912.932050643963,446.0,94.0,15668.0,35.130044843049326,117.39832725753786,1.4490411733266395,0.0007398162142859,0.5767292720000001,19.976701777
