Year,Ending bankroll,Bets placed,Bets won,Average wager,Net units won,Mean expected value,Min expected value,Median expected value,Max expected value
2020,9873.726191083731,395.0,57.0,1.0,-126.27380891626625,3.065614278730093,0.0003855471199998,0.9074622970339998,42.8668656716
2021,9749.547057329257,429.0,54.0,1.0,-124.17913375447401,3.371970429912106,0.0003006253799997,0.7514667591799999,158.401442754
2022,9606.829042692816,446.0,94.0,1.0,-142.7180146364357,1.4490411733266395,0.0007398162142859,0.5767292720000001,19.976701777
