Year,Ending bankroll,Bets placed,Bets won,Amount wagered,Average wager,Net units won,Mean expected value,Min expected value,Median expected value,Max expected value
2020,2052.057487389464,245.0,90.0,34313.0,140.0530612244898,-7947.942512610537,6.483928597383792,0.0002742703999998,0.399999916,1000.0
2021,1052.3381243989545,260.0,134.0,13011.0,50.042307692307695,-999.719362990509,1.5745391189165618,0.0028819864342857,0.22090786136111096,105.79383213513496
2022,1094.248422824551,373.0,154.0,10067.0,26.989276139410187,41.91029842559661,1.6284173787495604,0.000508902765,0.2603663832941176,69.99999574
