Year,Ending bankroll,Bets placed,Bets won,Amount wagered,Average wager,Net units won,Mean expected value,Min expected value,Median expected value,Max expected value
2020,7363.669632076705,245.0,90.0,11394.0,46.50612244897959,-2636.3303679232986,6.483928597383792,0.0002742703999998,0.399999916,1000.0
2021,6509.715334384868,260.0,134.0,11461.0,44.08076923076923,-853.9542976918394,1.5745391189165618,0.0028819864342857,0.22090786136111096,105.79383213513496
2022,6758.284321026358,373.0,154.0,12141.0,32.54959785522788,248.5689866414897,1.6284173787495604,0.000508902765,0.2603663832941176,69.99999574
