Year,Ending bankroll,Bets placed,Bets won,Average wager,Net units won,Mean expected value,Min expected value,Median expected value,Max expected value
2020,9888.901849554291,245.0,90.0,1.0,-111.09815044571202,6.483928597383792,0.0002742703999998,0.399999916,1000.0
2021,9897.172734814749,260.0,134.0,1.0,8.270885260457389,1.5745391189165618,0.0028819864342857,0.22090786136111096,105.79383213513496
2022,9829.488539906546,373.0,154.0,1.0,-67.68419490819882,1.6284173787495604,0.000508902765,0.2603663832941176,69.99999574
