Year,Ending bankroll,Bets placed,Bets won,Amount wagered,Average wager,Net units won,Mean expected value,Min expected value,Median expected value,Max expected value
2020,9347.526371933152,548.0,37.0,5267.0,9.611313868613138,-652.4736280668484,4.241971888402455,0.0008905163636363,1.8486393089196755,52.801700134182
2021,10123.35353783595,647.0,51.0,6414.0,9.913446676970633,775.8271659027986,2.6108160182243823,0.0022018741,1.3481973460000003,68.74270731899999
2022,8894.29563740305,741.0,69.0,8212.0,11.082321187584345,-1229.0579004329004,2.379630861595602,0.0025199180393336,1.2509573926000002,24.8325423636
