Year,Ending bankroll,Bets placed,Bets won,Amount wagered,Average wager,Net units won,Mean expected value,Min expected value,Median expected value,Max expected value
2020,6458.849321441272,548.0,37.0,24505.0,44.71715328467153,-3541.150678558729,4.241971888402455,0.0008905163636363,1.8486393089196755,52.801700134182
2021,7441.698119875793,647.0,51.0,28180.0,43.5548686244204,982.848798434522,2.6108160182243823,0.0022018741,1.3481973460000003,68.74270731899999
2022,3607.414209341881,741.0,69.0,25096.0,33.86774628879892,-3834.283910533911,2.379630861595602,0.0025199180393336,1.2509573926000002,24.8325423636
