Year,Ending bankroll,Bets placed,Bets won,Average wager,Net units won,Mean expected value,Min expected value,Median expected value,Max expected value
2020,10000.335394690052,548.0,37.0,1.0,0.335394690055697,4.241971888402455,0.0008905163636363,1.8486393089196755,52.801700134182
2021,10050.685787437482,647.0,51.0,1.0,50.350392747428685,2.6108160182243823,0.0022018741,1.3481973460000003,68.74270731899999
2022,9612.323702300391,741.0,69.0,1.0,-438.36208513708516,2.379630861595602,0.0025199180393336,1.2509573926000002,24.8325423636
